listing_id,name,url,check_in,check_out,guests,flex_days,last_price_eur,last_available,last_checked,consecutive_errors
13110275,Villa Rivieras,https://www.airbnb.com/rooms/13110275,2027-05-13,2027-05-20,5,2,8140,TRUE,2026-09-29,0
1219505754153414120,Villa Emilia – sea view,https://www.airbnb.com/rooms/1219505754153414120,2027-05-12,2027-05-19,5,2,8725,TRUE,2026-09-29,0
32950973,"Villa with pool, Golfe Juan",https://www.airbnb.com/rooms/32950973,2027-05-12,2027-05-19,5,2,12857,TRUE,2026-09-29,0
51090087,** LUXURY VILLA ** close to Cannes,https://www.airbnb.com/rooms/51090087,2027-05-12,2027-05-19,5,2,12935,TRUE,2026-09-29,0
1469567246369975059,Stunning Modern Villa – 5 min beach,https://www.airbnb.com/rooms/1469567246369975059,2027-05-12,2027-05-19,5,2,13454,TRUE,2026-09-29,0
1284596146330078589,Prestige Villa – 5 Bedrooms & Pool,https://www.airbnb.com/rooms/1284596146330078589,2027-05-13,2027-05-20,5,2,13616,TRUE,2026-09-29,0
1020868377810267645,Le Mas des Collines,https://www.airbnb.com/rooms/1020868377810267645,2027-05-12,2027-05-19,5,2,15255,TRUE,2026-09-29,0
53226174,Luxury Villa Apartment – Pointe Croisette,https://www.airbnb.com/rooms/53226174,2027-05-13,2027-05-20,5,2,16030,TRUE,2026-09-29,0
22605621,Luxury celebrity villa Oxygene,https://www.airbnb.com/rooms/22605621,2027-05-13,2027-05-20,5,2,17363,TRUE,2026-09-29,0
1365392473934893575,Luxurious 5-BR A/C – Cannes California,https://www.airbnb.com/rooms/1365392473934893575,2027-05-13,2027-05-20,5,2,17703,TRUE,2026-09-29,0
23929457,Cannes – Luxurious 8-bed Villa – 10 min to sea,https://www.airbnb.com/rooms/23929457,2027-05-13,2027-05-20,5,2,18604,TRUE,2026-09-29,0
1389851179480360939,"Villa Picasso – Panoramic View, Jacuzzi",https://www.airbnb.com/rooms/1389851179480360939,2027-05-13,2027-05-20,5,2,18673,TRUE,2026-09-29,0
26952645,Villa with a beautiful view,https://www.airbnb.com/rooms/26952645,2027-04-12,2027-04-22,5,2,19126,TRUE,2026-09-29,0
25443080,Luxury Villa Cannes – Peace & Privacy,https://www.airbnb.com/rooms/25443080,2027-05-13,2027-05-20,5,2,19395,TRUE,2026-09-29,0
796065416594588524,Cannes superb villa sea view Baja California,https://www.airbnb.com/rooms/796065416594588524,2027-05-13,2027-05-20,5,2,19979,TRUE,2026-09-29,0
1378632147095337931,Villa Horizon – Panoramic Sea Views,https://www.airbnb.com/rooms/1378632147095337931,2027-05-13,2027-05-20,5,2,22378,TRUE,2026-09-29,0
670842095868279446,Exceptional contemporary villa 180° sea view,https://www.airbnb.com/rooms/670842095868279446,2027-05-13,2027-05-20,5,2,23368,TRUE,2026-09-29,0
